State,District,Tehsil,Crop,Total_Area,Irrigated_Area,Unirrigated_Area
AndhraPradesh,Anantapur,Amadaguru,Jowar_Kharif,11,11,0
AndhraPradesh,Anantapur,Ananthapuram,Jowar_Kharif,474,0,474
AndhraPradesh,Anantapur,Atmakuru,Jowar_Kharif,2366,0,2366
AndhraPradesh,Anantapur,Bathalapalli,Jowar_Kharif,815,0,815
AndhraPradesh,Anantapur,Bommanahal,Jowar_Kharif,845,454,390
AndhraPradesh,Anantapur,Brahmasamudram,Jowar_Kharif,125,114,11
AndhraPradesh,Anantapur,Bukkapatnam,Jowar_Kharif,117,0,117
AndhraPradesh,Anantapur,Bukkarayasamudram,Jowar_Kharif,360,12,348
AndhraPradesh,Anantapur,ChenneKathapalli,Jowar_Kharif,877,0,877
AndhraPradesh,Anantapur,Chilamatturu,Jowar_Kharif,18,0,18
AndhraPradesh,Anantapur,Dandinahirehal,Jowar_Kharif,927,82,845
AndhraPradesh,Anantapur,Dharmavaram,Jowar_Kharif,1375,0,1375
AndhraPradesh,Anantapur,Gandlapenta,Jowar_Kharif,72,4,68
AndhraPradesh,Anantapur,Garladinne,Jowar_Kharif,193,7,186
AndhraPradesh,Anantapur,Gorantla,Jowar_Kharif,139,5,133
AndhraPradesh,Anantapur,Gudibanda,Jowar_Kharif,735,0,735
AndhraPradesh,Anantapur,Gummagatta,Jowar_Kharif,135,32,104
AndhraPradesh,Anantapur,Guntakal,Jowar_Kharif,154,0,154
AndhraPradesh,Anantapur,Gutti,Jowar_Kharif,2854,298,2556
AndhraPradesh,Anantapur,Kanekal,Jowar_Kharif,772,213,559
AndhraPradesh,Anantapur,Kuderu,Jowar_Kharif,1005,0,1005
AndhraPradesh,Anantapur,Madakasira,Jowar_Kharif,1624,0,1624
AndhraPradesh,Anantapur,Nallacheruvu,Jowar_Kharif,11,11,0
AndhraPradesh,Anantapur,Nallamada,Jowar_Kharif,10,4,6
AndhraPradesh,Anantapur,Pamidi,Jowar_Kharif,635,22,614
AndhraPradesh,Anantapur,Parigi,Jowar_Kharif,545,0,545
AndhraPradesh,Anantapur,Peddapappuru,Jowar_Kharif,1231,0,1231
AndhraPradesh,Anantapur,Peddavadaguru,Jowar_Kharif,332,0,332
AndhraPradesh,Anantapur,Penukonda,Jowar_Kharif,311,0,311
AndhraPradesh,Anantapur,Putluru,Jowar_Kharif,4775,108,4666
AndhraPradesh,Anantapur,Puttaparthi,Jowar_Kharif,43,0,43
AndhraPradesh,Anantapur,Rayadurgam,Jowar_Kharif,119,26,93
AndhraPradesh,Anantapur,Roddam,Jowar_Kharif,84,0,84
AndhraPradesh,Anantapur,Setturu,Jowar_Kharif,179,0,179
AndhraPradesh,Anantapur,Singanamala,Jowar_Kharif,74,0,74
AndhraPradesh,Anantapur,Somandepalli,Jowar_Kharif,111,0,111
AndhraPradesh,Anantapur,Tadimarri,Jowar_Kharif,178,6,171
AndhraPradesh,Anantapur,Tadipatri,Jowar_Kharif,3247,1,3245
AndhraPradesh,Anantapur,Tanakallu,Jowar_Kharif,35,35,0
AndhraPradesh,Anantapur,Vidapanakal,Jowar_Kharif,1140,412,728
AndhraPradesh,Anantapur,Vuravakonda,Jowar_Kharif,41,0,41
AndhraPradesh,Anantapur,Yadiki,Jowar_Kharif,951,0,951
AndhraPradesh,Anantapur,Yellanuru,Jowar_Kharif,2267,0,2267
AndhraPradesh,Anantapur,Amadaguru,Jowar_Rabi,11,11,0
AndhraPradesh,Anantapur,Ananthapuram,Jowar_Rabi,474,0,474
AndhraPradesh,Anantapur,Atmakuru,Jowar_Rabi,2366,0,2366
AndhraPradesh,Anantapur,Bathalapalli,Jowar_Rabi,815,0,815
AndhraPradesh,Anantapur,Bommanahal,Jowar_Rabi,845,454,390
AndhraPradesh,Anantapur,Brahmasamudram,Jowar_Rabi,125,114,11
AndhraPradesh,Anantapur,Bukkapatnam,Jowar_Rabi,117,0,117
AndhraPradesh,Anantapur,Bukkarayasamudram,Jowar_Rabi,360,12,348
AndhraPradesh,Anantapur,ChenneKathapalli,Jowar_Rabi,877,0,877
AndhraPradesh,Anantapur,Chilamatturu,Jowar_Rabi,18,0,18
AndhraPradesh,Anantapur,Dandinahirehal,Jowar_Rabi,927,82,845
AndhraPradesh,Anantapur,Dharmavaram,Jowar_Rabi,1375,0,1375
AndhraPradesh,Anantapur,Gandlapenta,Jowar_Rabi,72,4,68
AndhraPradesh,Anantapur,Garladinne,Jowar_Rabi,193,7,186
AndhraPradesh,Anantapur,Gorantla,Jowar_Rabi,139,5,133
AndhraPradesh,Anantapur,Gudibanda,Jowar_Rabi,735,0,735
AndhraPradesh,Anantapur,Gummagatta,Jowar_Rabi,135,32,104
AndhraPradesh,Anantapur,Guntakal,Jowar_Rabi,154,0,154
AndhraPradesh,Anantapur,Gutti,Jowar_Rabi,2854,298,2556
AndhraPradesh,Anantapur,Kanekal,Jowar_Rabi,772,213,559
AndhraPradesh,Anantapur,Kuderu,Jowar_Rabi,1005,0,1005
AndhraPradesh,Anantapur,Madakasira,Jowar_Rabi,1624,0,1624
AndhraPradesh,Anantapur,Nallacheruvu,Jowar_Rabi,11,11,0
AndhraPradesh,Anantapur,Nallamada,Jowar_Rabi,10,4,6
AndhraPradesh,Anantapur,Pamidi,Jowar_Rabi,635,22,614
AndhraPradesh,Anantapur,Parigi,Jowar_Rabi,545,0,545
AndhraPradesh,Anantapur,Peddapappuru,Jowar_Rabi,1231,0,1231
AndhraPradesh,Anantapur,Peddavadaguru,Jowar_Rabi,332,0,332
AndhraPradesh,Anantapur,Penukonda,Jowar_Rabi,311,0,311
AndhraPradesh,Anantapur,Putluru,Jowar_Rabi,4775,108,4666
AndhraPradesh,Anantapur,Puttaparthi,Jowar_Rabi,43,0,43
AndhraPradesh,Anantapur,Rayadurgam,Jowar_Rabi,119,26,93
AndhraPradesh,Anantapur,Roddam,Jowar_Rabi,84,0,84
AndhraPradesh,Anantapur,Setturu,Jowar_Rabi,179,0,179
AndhraPradesh,Anantapur,Singanamala,Jowar_Rabi,74,0,74
AndhraPradesh,Anantapur,Somandepalli,Jowar_Rabi,111,0,111
AndhraPradesh,Anantapur,Tadimarri,Jowar_Rabi,178,6,171
AndhraPradesh,Anantapur,Tadipatri,Jowar_Rabi,3247,1,3245
AndhraPradesh,Anantapur,Tanakallu,Jowar_Rabi,35,35,0
AndhraPradesh,Anantapur,Vidapanakal,Jowar_Rabi,1140,412,728
AndhraPradesh,Anantapur,Vuravakonda,Jowar_Rabi,41,0,41
AndhraPradesh,Anantapur,Yadiki,Jowar_Rabi,951,0,951
AndhraPradesh,Anantapur,Yellanuru,Jowar_Rabi,2267,0,2267
AndhraPradesh,Anantapur,Agali,Ragi,42,18,23
AndhraPradesh,Anantapur,Amarapuram,Ragi,224,201,23
AndhraPradesh,Anantapur,Brahmasamudram,Ragi,18,18,0
AndhraPradesh,Anantapur,Chilamatturu,Ragi,77,77,0
AndhraPradesh,Anantapur,Gorantla,Ragi,45,45,0
AndhraPradesh,Anantapur,Gorantla,Ragi,45,45,0
AndhraPradesh,Anantapur,Gudibanda,Ragi,292,291,1
AndhraPradesh,Anantapur,Gummagatta,Ragi,54,54,0
AndhraPradesh,Anantapur,Hindupuram,Ragi,52,43,9
AndhraPradesh,Anantapur,Kadiri,Ragi,0,0,0
AndhraPradesh,Anantapur,Kothacheruvu,Ragi,13,13,0
AndhraPradesh,Anantapur,Lepakshi,Ragi,66,64,2
AndhraPradesh,Anantapur,Madakasira,Ragi,757,713,44
AndhraPradesh,Anantapur,Nallamada,Ragi,14,10,4
AndhraPradesh,Anantapur,Parigi,Ragi,59,50,9
AndhraPradesh,Anantapur,Penukonda,Ragi,25,25,0
AndhraPradesh,Anantapur,Rayadurgam,Ragi,68,68,0
AndhraPradesh,Anantapur,Roddam,Ragi,268,266,2
AndhraPradesh,Anantapur,Rolla,Ragi,127,20,107
AndhraPradesh,Anantapur,Somandepalli,Ragi,106,96,10
AndhraPradesh,Anantapur,Talupala,Ragi,18,10,8
AndhraPradesh,Anantapur,Tanakallu,Ragi,37,37,0
AndhraPradesh,Chittoor,Airala,Ragi,10,10,0
AndhraPradesh,Chittoor,B.Kothakota,Ragi,41,40,1
AndhraPradesh,Chittoor,Bangarupalem,Ragi,18,18,0
AndhraPradesh,Chittoor,Byreddypalli,Ragi,138,138,0
AndhraPradesh,Chittoor,ChinnaGattigallu,Ragi,20,20,0
AndhraPradesh,Chittoor,Chittoor,Ragi,336,0,336
AndhraPradesh,Chittoor,Chowdepalli,Ragi,76,45,32
AndhraPradesh,Chittoor,GangadharaNellore,Ragi,2,2,0
AndhraPradesh,Chittoor,Gangavaram,Ragi,267,259,8
AndhraPradesh,Chittoor,Gudipala,Ragi,10,10,0
AndhraPradesh,Chittoor,Gudipalle,Ragi,1914,156,1758
AndhraPradesh,Chittoor,Gurramkonda,Ragi,20,20,0
AndhraPradesh,Chittoor,K.V.B.Puram,Ragi,9,9,0
AndhraPradesh,Chittoor,Karvetinagaram,Ragi,1,1,0
AndhraPradesh,Chittoor,Kuppam,Ragi,1382,81,1301
AndhraPradesh,Chittoor,Kurabalakota,Ragi,15,15,0
AndhraPradesh,Chittoor,Madanapalli,Ragi,56,12,44
AndhraPradesh,Chittoor,Mulakalacheruvu,Ragi,20,20,0
AndhraPradesh,Chittoor,Nagari,Ragi,2,2,0
AndhraPradesh,Chittoor,Narayanavanam,Ragi,3,3,0
AndhraPradesh,Chittoor,Nimmanapalli,Ragi,8,6,3
AndhraPradesh,Chittoor,Palamaneru,Ragi,322,302,21
AndhraPradesh,Chittoor,Pedamandyam,Ragi,5,5,0
AndhraPradesh,Chittoor,Pedamandyam,Ragi,5,5,0
AndhraPradesh,Chittoor,Pedapanjani,Ragi,262,240,22
AndhraPradesh,Chittoor,Pedathippasamudram,Ragi,119,64,55
AndhraPradesh,Chittoor,Penumuru,Ragi,1,1,0
AndhraPradesh,Chittoor,Pichaturu,Ragi,1,1,0
AndhraPradesh,Chittoor,Punganuru,Ragi,80,18,62
AndhraPradesh,Chittoor,Punganuru,Ragi,80,18,62
AndhraPradesh,Chittoor,Puthalapattu,Ragi,15,15,0
AndhraPradesh,Chittoor,Ramasamudram,Ragi,143,0,143
AndhraPradesh,Chittoor,Ramasamudram,Ragi,143,0,143
AndhraPradesh,Chittoor,S.R.Puram,Ragi,0,0,0
AndhraPradesh,Chittoor,Santhipuram,Ragi,35,0,35
AndhraPradesh,Chittoor,Satyavedu,Ragi,14,14,0
AndhraPradesh,Chittoor,Somala,Ragi,2,2,0
AndhraPradesh,Chittoor,Tamballapalli,Ragi,36,36,0
AndhraPradesh,Chittoor,Thavanampalli,Ragi,12,12,0
AndhraPradesh,Chittoor,Thottembedu,Ragi,4,4,0
AndhraPradesh,Chittoor,Tirupati(R),Ragi,4,4,0
AndhraPradesh,Chittoor,V.Kota,Ragi,69,14,55
AndhraPradesh,Chittoor,Varadayyapalem,Ragi,2,2,0
AndhraPradesh,Chittoor,Vayalpadu/Valmikipuram,Ragi,3,3,0
AndhraPradesh,Chittoor,Vedurukuppam,Ragi,5,5,0
AndhraPradesh,Chittoor,Yadamari,Ragi,35,35,0
MadhyaPradesh,Anuppur,Anuppur,Jowar_Kharif,210,117,93
MadhyaPradesh,Anuppur,Jaithari,Jowar_Kharif,12,1,12
MadhyaPradesh,Anuppur,Pushprajgarh,Jowar_Kharif,18,0,18
MadhyaPradesh,Balaghat,Baihar,Jowar_Kharif,5,0,5
MadhyaPradesh,Balaghat,Birsa,Jowar_Kharif,16,0,16
MadhyaPradesh,Balaghat,Birsa,Jowar_Kharif,16,0,16
MadhyaPradesh,Balaghat,Katngi,Jowar_Kharif,4,3,0
MadhyaPradesh,Balaghat,Katngi,Jowar_Kharif,4,3,0
MadhyaPradesh,Balaghat,Khairlanji,Jowar_Kharif,0,0,0
MadhyaPradesh,Balaghat,Kiranpur,Jowar_Kharif,9,0,9
MadhyaPradesh,Balaghat,Paraswada,Jowar_Kharif,7,0,7
MadhyaPradesh,Balaghat,Waraseoni,Jowar_Kharif,1,1,0
MadhyaPradesh,Bhind,Ater,Jowar_Kharif,54,9,44
MadhyaPradesh,Bhind,Bhind,Jowar_Kharif,207,57,150
MadhyaPradesh,Bhind,Gohad,Jowar_Kharif,442,144,297
MadhyaPradesh,Bhind,Gormi,Jowar_Kharif,557,138,419
MadhyaPradesh,Bhind,Lahar,Jowar_Kharif,721,93,627
MadhyaPradesh,Bhind,Mehgaon,Jowar_Kharif,1138,356,782
MadhyaPradesh,Bhind,Mehona,Jowar_Kharif,1128,228,900
MadhyaPradesh,Bhind,Mou,Jowar_Kharif,104,14,90
MadhyaPradesh,Bhind,Ron,Jowar_Kharif,190,64,125
MadhyaPradesh,Burhanpur,Burhanpur,Jowar_Kharif,6726,1074,5653
MadhyaPradesh,Burhanpur,Khaknar,Jowar_Kharif,2175,182,1993
MadhyaPradesh,Burhanpur,Nepanagar,Jowar_Kharif,3961,232,3728
MadhyaPradesh,Chhatarpur,Bakswaha,Jowar_Kharif,58,3,55
MadhyaPradesh,Chhatarpur,Bijawar,Jowar_Kharif,20,20,0
MadhyaPradesh,Chhatarpur,Chandala,Jowar_Kharif,11,0,11
MadhyaPradesh,Chhatarpur,Chhatarpur,Jowar_Kharif,24,21,3
MadhyaPradesh,Chhatarpur,Dhuwara,Jowar_Kharif,64,64,0
MadhyaPradesh,Chhatarpur,Gaurihar,Jowar_Kharif,3747,332,3415
MadhyaPradesh,Chhatarpur,Loundi,Jowar_Kharif,682,47,635
MadhyaPradesh,Chhatarpur,Maharajpur,Jowar_Kharif,52,41,10
MadhyaPradesh,Chhindwara,Amarwara,Jowar_Kharif,301,97,204
MadhyaPradesh,Chhindwara,Bichhua,Jowar_Kharif,252,39,213
MadhyaPradesh,Chhindwara,Chand,Jowar_Kharif,2,0,2
MadhyaPradesh,Chhindwara,Chhindwara,Jowar_Kharif,25,0,25
MadhyaPradesh,Chhindwara,Churai,Jowar_Kharif,0,0,0
MadhyaPradesh,Chhindwara,Harrai,Jowar_Kharif,9,1,8
MadhyaPradesh,Chhindwara,Jamai,Jowar_Kharif,2094,243,1851
MadhyaPradesh,Chhindwara,Mokhed,Jowar_Kharif,82,8,73
MadhyaPradesh,Chhindwara,Pandhurana,Jowar_Kharif,6152,710,5442
MadhyaPradesh,Chhindwara,Parasia,Jowar_Kharif,699,161,538
MadhyaPradesh,Chhindwara,Saunsar,Jowar_Kharif,3142,595,2546
MadhyaPradesh,Chhindwara,Saunsar,Jowar_Kharif,3142,595,2546
MadhyaPradesh,Chhindwara,Tamia,Jowar_Kharif,183,25,158
MadhyaPradesh,Chhindwara,Umreth,Jowar_Kharif,37,7,29
MadhyaPradesh,Damoh,Batiyagarh,Jowar_Kharif,0,0,0
MadhyaPradesh,Damoh,Damoh,Jowar_Kharif,3,2,1
MadhyaPradesh,Damoh,Jebera,Jowar_Kharif,7,7,0
MadhyaPradesh,Damoh,Tendukheda,Jowar_Kharif,6,2,4
MadhyaPradesh,Datia,Bhander,Jowar_Kharif,14,13,1
MadhyaPradesh,Datia,Datia,Jowar_Kharif,34,7,27
MadhyaPradesh,Datia,Indergarh,Jowar_Kharif,17,7,10
MadhyaPradesh,Datia,Sewada,Jowar_Kharif,2306,916,1389
MadhyaPradesh,Dewas,Bagali,Jowar_Kharif,14,6,8
MadhyaPradesh,Dewas,Dewas,Jowar_Kharif,6,2,4
MadhyaPradesh,Dewas,Hatpiplya,Jowar_Kharif,1,1,0
MadhyaPradesh,Dewas,Kannod,Jowar_Kharif,337,116,221
MadhyaPradesh,Dewas,Khategaon,Jowar_Kharif,1175,38,1137
MadhyaPradesh,Dewas,Satwas,Jowar_Kharif,589,228,362
MadhyaPradesh,Dewas,Sonkatch,Jowar_Kharif,53,14,39
MadhyaPradesh,Dewas,Tonkkurd,Jowar_Kharif,13,4,9
MadhyaPradesh,Dhar,Badnawar,Jowar_Kharif,22,13,8
MadhyaPradesh,Dindori,Dindori,Jowar_Kharif,1131,15,1116
MadhyaPradesh,Dindori,Shahpura,Jowar_Kharif,18,0,18
MadhyaPradesh,Gwalior,Bhitarwar,Jowar_Kharif,106,53,53
MadhyaPradesh,Gwalior,Chinor,Jowar_Kharif,171,123,47
MadhyaPradesh,Gwalior,Dabra,Jowar_Kharif,458,126,332
MadhyaPradesh,Gwalior,Ghatigaow,Jowar_Kharif,64,9,54
MadhyaPradesh,Gwalior,Gird(Gwalior),Jowar_Kharif,916,305,611
MadhyaPradesh,Indore,Depalpur,Jowar_Kharif,7,7,0
MadhyaPradesh,Indore,Indore,Jowar_Kharif,2,0,2
MadhyaPradesh,Jabalpur,Jabalpur,Jowar_Kharif,8,0,8
MadhyaPradesh,Jabalpur,Majholi,Jowar_Kharif,8,7,1
MadhyaPradesh,Jabalpur,Panagar,Jowar_Kharif,13,7,6
MadhyaPradesh,Jabalpur,Patan,Jowar_Kharif,628,397,231
MadhyaPradesh,Jabalpur,Shapura,Jowar_Kharif,7,7,0
MadhyaPradesh,Jhabua,Jhabua,Jowar_Kharif,887,88,799
MadhyaPradesh,Jhabua,Meghnagar,Jowar_Kharif,18,3,14
MadhyaPradesh,Jhabua,Petlawad,Jowar_Kharif,5,5,1
MadhyaPradesh,Jhabua,Ranapur,Jowar_Kharif,686,79,607
MadhyaPradesh,Jhabua,Thandla,Jowar_Kharif,17,7,9
MadhyaPradesh,Katni,Barhi,Jowar_Kharif,28,13,14
MadhyaPradesh,Katni,Barwara,Jowar_Kharif,123,20,103
MadhyaPradesh,Katni,Bhoriband,Jowar_Kharif,13,7,6
MadhyaPradesh,Katni,Murwara(Katni),Jowar_Kharif,409,108,301
MadhyaPradesh,Katni,Rithi,Jowar_Kharif,163,30,133
MadhyaPradesh,Katni,VijayraghavGarh,Jowar_Kharif,6,4,2
MadhyaPradesh,Mandla,Bichhiya,Jowar_Kharif,13,2,11
MadhyaPradesh,Mandla,Ghugari,Jowar_Kharif,13,0,13
MadhyaPradesh,Mandla,Mandla,Jowar_Kharif,1,0,1
MadhyaPradesh,Mandla,Nainpur,Jowar_Kharif,13,8,5
MadhyaPradesh,Mandla,Narayanganj,Jowar_Kharif,1,1,1
MadhyaPradesh,Mandla,Niwas,Jowar_Kharif,2,0,2
MadhyaPradesh,Morena,Ambah,Jowar_Kharif,316,45,270
MadhyaPradesh,Morena,Joura,Jowar_Kharif,155,15,141
MadhyaPradesh,Morena,Kailaras,Jowar_Kharif,284,37,247
MadhyaPradesh,Morena,Morena,Jowar_Kharif,232,33,199
MadhyaPradesh,Morena,Porsa,Jowar_Kharif,159,37,122
MadhyaPradesh,Morena,Sablgarh,Jowar_Kharif,22,0,22
MadhyaPradesh,Panna,Ajaygarh,Jowar_Kharif,700,252,447
MadhyaPradesh,Panna,Amanganj,Jowar_Kharif,87,11,76
MadhyaPradesh,Panna,DevendraNagar,Jowar_Kharif,2,0,2
MadhyaPradesh,Panna,Gunnaor,Jowar_Kharif,13,5,8
MadhyaPradesh,Panna,Pawai,Jowar_Kharif,2,0,2
MadhyaPradesh,Ratlam,Alot,Jowar_Kharif,18,18,0
MadhyaPradesh,Ratlam,Bajna,Jowar_Kharif,6,0,6
MadhyaPradesh,Ratlam,Ratlam,Jowar_Kharif,2,0,2
MadhyaPradesh,Ratlam,Sailana,Jowar_Kharif,109,0,109
MadhyaPradesh,Ratlam,Tal,Jowar_Kharif,2,0,2
MadhyaPradesh,Rewa,Hanumana,Jowar_Kharif,98,9,89
MadhyaPradesh,Rewa,Hujur,Jowar_Kharif,1,0,1
MadhyaPradesh,Rewa,Jawa,Jowar_Kharif,606,304,301
MadhyaPradesh,Rewa,Mangawa,Jowar_Kharif,72,2,70
MadhyaPradesh,Rewa,Naigarhi,Jowar_Kharif,3,0,3
MadhyaPradesh,Rewa,RaipurKarchuliyan,Jowar_Kharif,2,1,1
MadhyaPradesh,Rewa,Sirmour,Jowar_Kharif,126,55,71
MadhyaPradesh,Rewa,Teonthar,Jowar_Kharif,329,277,51
MadhyaPradesh,Sagar,Kesli,Jowar_Kharif,3,0,3
MadhyaPradesh,Sagar,Khurai,Jowar_Kharif,8,1,7
MadhyaPradesh,Sagar,Rahatgarh,Jowar_Kharif,6,3,2
MadhyaPradesh,Sagar,Rehli,Jowar_Kharif,3,2,1
MadhyaPradesh,Sagar,Sagar,Jowar_Kharif,9,3,6
MadhyaPradesh,Satna,Amarpatan,Jowar_Kharif,36,30,6
MadhyaPradesh,Satna,Birsinghpur,Jowar_Kharif,110,2,108
MadhyaPradesh,Satna,Maihar,Jowar_Kharif,20,15,5
MadhyaPradesh,Satna,Majhgawa,Jowar_Kharif,1426,758,668
MadhyaPradesh,Satna,Nagod,Jowar_Kharif,8,7,1
MadhyaPradesh,Satna,RaghurajNagar,Jowar_Kharif,13,10,3
MadhyaPradesh,Satna,Ramnagar,Jowar_Kharif,152,8,144
MadhyaPradesh,Satna,Rampur(Baghelan),Jowar_Kharif,13,0,13
MadhyaPradesh,Satna,Uchehara,Jowar_Kharif,32,0,32
MadhyaPradesh,Seoni,Barghat,Jowar_Kharif,0,0,0
MadhyaPradesh,Seoni,Chhapara,Jowar_Kharif,227,20,207
MadhyaPradesh,Seoni,Dhanaura,Jowar_Kharif,55,30,25
MadhyaPradesh,Seoni,Ghansaur,Jowar_Kharif,24,20,4
MadhyaPradesh,Seoni,Keolari,Jowar_Kharif,31,8,23
MadhyaPradesh,Seoni,Kurai,Jowar_Kharif,11,0,11
MadhyaPradesh,Seoni,Lakhnadon,Jowar_Kharif,13,7,6
MadhyaPradesh,Seoni,Seoni,Jowar_Kharif,95,12,83
MadhyaPradesh,Shahdol,Beohari,Jowar_Kharif,21,13,8
MadhyaPradesh,Shahdol,Budhar,Jowar_Kharif,4,4,0
MadhyaPradesh,Shahdol,Gohparu,Jowar_Kharif,2,0,2
MadhyaPradesh,Shahdol,Jaisinghnagar,Jowar_Kharif,109,26,83
MadhyaPradesh,Shahdol,Jaitpur,Jowar_Kharif,18,2,16
MadhyaPradesh,Shahdol,Shoagpur,Jowar_Kharif,17,0,17
MadhyaPradesh,Shivpuri,Badarwas,Jowar_Kharif,26,0,26
MadhyaPradesh,Shivpuri,Bairadh,Jowar_Kharif,173,93,80
MadhyaPradesh,Shivpuri,Karera,Jowar_Kharif,40,40,0
MadhyaPradesh,Shivpuri,Kolaras,Jowar_Kharif,17,0,17
MadhyaPradesh,Shivpuri,Pohari,Jowar_Kharif,8,0,8
MadhyaPradesh,Tikamgarh,Baldeogarh,Jowar_Kharif,29,22,7
MadhyaPradesh,Tikamgarh,Khargapur,Jowar_Kharif,265,256,8
MadhyaPradesh,Tikamgarh,Lidhaura,Jowar_Kharif,41,41,0
MadhyaPradesh,Tikamgarh,MohanGarh,Jowar_Kharif,11,5,5
MadhyaPradesh,Tikamgarh,Niwari,Jowar_Kharif,12,10,1
MadhyaPradesh,Tikamgarh,Palera,Jowar_Kharif,28,7,21
MadhyaPradesh,Tikamgarh,Prithvipur,Jowar_Kharif,4,3,1
MadhyaPradesh,Tikamgarh,Tikamgarh,Jowar_Kharif,28,0,28
MadhyaPradesh,Ujjain,Ghatiya,Jowar_Kharif,6,6,0
MadhyaPradesh,Ujjain,Mahidpur,Jowar_Kharif,13,13,0
MadhyaPradesh,Ujjain,Nagda,Jowar_Kharif,3,1,2
MadhyaPradesh,Ujjain,Tarana,Jowar_Kharif,69,62,6
MadhyaPradesh,Ujjain,Ujjain,Jowar_Kharif,1,0,1
MadhyaPradesh,Umaria,Bhandhaogarh,Jowar_Kharif,2,0,2
MadhyaPradesh,Umaria,Chandiya,Jowar_Kharif,27,6,21
MadhyaPradesh,Umaria,Manpur,Jowar_Kharif,2,2,0
MadhyaPradesh,Umaria,Naurojabad,Jowar_Kharif,24,0,24
MadhyaPradesh,Umaria,Pali,Jowar_Kharif,30,1,29
MadhyaPradesh,Alirajpur,Alirajpur,Jowar_Rabi,1506,485,1021
MadhyaPradesh,Alirajpur,Bhavra,Jowar_Rabi,266,65,201
MadhyaPradesh,Alirajpur,Jobat,Jowar_Rabi,2251,218,2033
MadhyaPradesh,Alirajpur,Katthiwada,Jowar_Rabi,377,44,333
MadhyaPradesh,Alirajpur,Sondhwa,Jowar_Rabi,3156,788,2368
MadhyaPradesh,Betul,Aathner,Jowar_Rabi,1208,42,1166
MadhyaPradesh,Betul,Amla,Jowar_Rabi,63,43,20
MadhyaPradesh,Betul,Betul,Jowar_Rabi,174,75,99
MadhyaPradesh,Betul,Bhainsdehi,Jowar_Rabi,2858,422,2435
MadhyaPradesh,Betul,Chicholi,Jowar_Rabi,175,23,152
MadhyaPradesh,Betul,Ghoradongri,Jowar_Rabi,242,74,168
MadhyaPradesh,Betul,Multai,Jowar_Rabi,682,56,626
MadhyaPradesh,Betul,Shahpur,Jowar_Rabi,92,28,64
MadhyaPradesh,Bhopal,Hujur,Jowar_Rabi,17,9,8
MadhyaPradesh,Chhindwara,Amarwara,Jowar_Rabi,301,97,204
MadhyaPradesh,Chhindwara,Bichhua,Jowar_Rabi,252,39,213
MadhyaPradesh,Chhindwara,Chand,Jowar_Rabi,2,0,2
MadhyaPradesh,Chhindwara,Chhindwara,Jowar_Rabi,25,0,25
MadhyaPradesh,Chhindwara,Churai,Jowar_Rabi,0,0,0
MadhyaPradesh,Chhindwara,Harrai,Jowar_Rabi,9,1,8
MadhyaPradesh,Chhindwara,Jamai,Jowar_Rabi,2094,243,1851
MadhyaPradesh,Chhindwara,Mokhed,Jowar_Rabi,82,8,73
MadhyaPradesh,Chhindwara,Pandhurana,Jowar_Rabi,6152,710,5442
MadhyaPradesh,Chhindwara,Parasia,Jowar_Rabi,699,161,538
MadhyaPradesh,Chhindwara,Saunsar,Jowar_Rabi,3142,595,2546
MadhyaPradesh,Chhindwara,Saunsar,Jowar_Rabi,3142,595,2546
MadhyaPradesh,Chhindwara,Tamia,Jowar_Rabi,183,25,158
MadhyaPradesh,Chhindwara,Umreth,Jowar_Rabi,37,7,29
MadhyaPradesh,Dewas,Bagali,Jowar_Rabi,14,6,8
MadhyaPradesh,Dewas,Dewas,Jowar_Rabi,6,2,4
MadhyaPradesh,Dewas,Hatpiplya,Jowar_Rabi,1,1,0
MadhyaPradesh,Dewas,Kannod,Jowar_Rabi,337,116,221
MadhyaPradesh,Dewas,Khategaon,Jowar_Rabi,1175,38,1137
MadhyaPradesh,Dewas,Satwas,Jowar_Rabi,589,228,362
MadhyaPradesh,Dewas,Sonkatch,Jowar_Rabi,53,14,39
MadhyaPradesh,Dewas,Tonkkurd,Jowar_Rabi,13,4,9
MadhyaPradesh,Dhar,Badnawar,Jowar_Rabi,22,13,8
MadhyaPradesh,Dindori,Dindori,Jowar_Rabi,1131,15,1116
MadhyaPradesh,Dindori,Shahpura,Jowar_Rabi,18,0,18
MadhyaPradesh,Guna,Aron,Jowar_Rabi,58,0,58
MadhyaPradesh,Guna,Chachoura,Jowar_Rabi,45,21,24
MadhyaPradesh,Guna,Guna,Jowar_Rabi,61,12,48
MadhyaPradesh,Guna,MaksudanGarh,Jowar_Rabi,416,18,398
MadhyaPradesh,Guna,Raghogarh,Jowar_Rabi,11,0,11
MadhyaPradesh,Harda,Handiya,Jowar_Rabi,21,8,13
MadhyaPradesh,Harda,Khirkiya,Jowar_Rabi,8,7,1
MadhyaPradesh,Harda,Sirali,Jowar_Rabi,88,6,82
MadhyaPradesh,Indore,Depalpur,Jowar_Rabi,7,7,0
MadhyaPradesh,Indore,Indore,Jowar_Rabi,2,0,2
MadhyaPradesh,Jhabua,Jhabua,Jowar_Rabi,887,88,799
MadhyaPradesh,Jhabua,Meghnagar,Jowar_Rabi,18,3,14
MadhyaPradesh,Jhabua,Petlawad,Jowar_Rabi,5,5,1
MadhyaPradesh,Jhabua,Ranapur,Jowar_Rabi,686,79,607
MadhyaPradesh,Jhabua,Thandla,Jowar_Rabi,17,7,9
MadhyaPradesh,Raisen,Badi,Jowar_Rabi,34,34,0
MadhyaPradesh,Raisen,Bareli,Jowar_Rabi,14,11,3
MadhyaPradesh,Raisen,Begamganj,Jowar_Rabi,8,0,8
MadhyaPradesh,Raisen,Gairatganj,Jowar_Rabi,14,13,1
MadhyaPradesh,Raisen,Goharganj,Jowar_Rabi,7,0,7
MadhyaPradesh,Raisen,Raisen,Jowar_Rabi,160,159,1
MadhyaPradesh,Raisen,Silwani,Jowar_Rabi,47,31,16
MadhyaPradesh,Raisen,Udeipura,Jowar_Rabi,10,4,6
MadhyaPradesh,Rajgarh,Biaora,Jowar_Rabi,124,35,88
MadhyaPradesh,Rajgarh,Jeerapur,Jowar_Rabi,559,201,358
MadhyaPradesh,Rajgarh,Khilchipur,Jowar_Rabi,19,11,8
MadhyaPradesh,Rajgarh,Narsinghgarh,Jowar_Rabi,41,41,0
MadhyaPradesh,Rajgarh,Pachor,Jowar_Rabi,232,134,98
MadhyaPradesh,Rajgarh,Rajgarh,Jowar_Rabi,1132,444,688
MadhyaPradesh,Rajgarh,Sarangpur,Jowar_Rabi,637,371,266
MadhyaPradesh,Ratlam,Alot,Jowar_Rabi,18,18,0
MadhyaPradesh,Ratlam,Bajna,Jowar_Rabi,6,0,6
MadhyaPradesh,Ratlam,Ratlam,Jowar_Rabi,2,0,2
MadhyaPradesh,Ratlam,Sailana,Jowar_Rabi,109,0,109
MadhyaPradesh,Ratlam,Tal,Jowar_Rabi,2,0,2
MadhyaPradesh,Sehore,Ashta,Jowar_Rabi,1,0,1
MadhyaPradesh,Sehore,Budhani,Jowar_Rabi,60,0,60
MadhyaPradesh,Sehore,Ichhawar,Jowar_Rabi,25,10,14
MadhyaPradesh,Sehore,Jawar,Jowar_Rabi,1,1,0
MadhyaPradesh,Sehore,Nasrullanganj,Jowar_Rabi,8,8,0
MadhyaPradesh,Sehore,Shyampur,Jowar_Rabi,7,3,4
MadhyaPradesh,Shajapur,AvantiBadodiya,Jowar_Rabi,6,1,5
MadhyaPradesh,Shajapur,Gulana,Jowar_Rabi,32,4,28
MadhyaPradesh,Shajapur,MomanBadodiya,Jowar_Rabi,29,18,11
MadhyaPradesh,Shajapur,Shajapur,Jowar_Rabi,217,89,129
MadhyaPradesh,Shajapur,Shujalpur,Jowar_Rabi,27,27,0
MadhyaPradesh,Ujjain,Ghatiya,Jowar_Rabi,6,6,0
MadhyaPradesh,Ujjain,Mahidpur,Jowar_Rabi,13,13,0
MadhyaPradesh,Ujjain,Nagda,Jowar_Rabi,3,1,2
MadhyaPradesh,Ujjain,Tarana,Jowar_Rabi,69,62,6
MadhyaPradesh,Ujjain,Ujjain,Jowar_Rabi,1,0,1
MadhyaPradesh,Vidisha,Basauda,Jowar_Rabi,48,9,39
MadhyaPradesh,Vidisha,GulabGanj,Jowar_Rabi,2,0,2
MadhyaPradesh,Vidisha,Gyaraspur,Jowar_Rabi,14,6,8
MadhyaPradesh,Vidisha,Lateri,Jowar_Rabi,8,8,0
MadhyaPradesh,Vidisha,Pathari,Jowar_Rabi,34,5,29
MadhyaPradesh,Vidisha,Tyoda,Jowar_Rabi,1,1,1
MadhyaPradesh,Vidisha,Vidisha,Jowar_Rabi,26,19,7
MadhyaPradesh,Alirajpur,Alirajpur,Ragi,7,7,0
MadhyaPradesh,Alirajpur,Jobat,Ragi,3,3,0
MadhyaPradesh,Alirajpur,Katthiwada,Ragi,0,0,0
MadhyaPradesh,Alirajpur,Sondhwa,Ragi,69,43,27
MadhyaPradesh,Betul,Amla,Ragi,35,22,13
MadhyaPradesh,Betul,Betul,Ragi,30,5,26
MadhyaPradesh,Betul,Bhainsdehi,Ragi,17,7,10
MadhyaPradesh,Betul,Chicholi,Ragi,3,0,3
MadhyaPradesh,Betul,Ghoradongri,Ragi,12,0,11
MadhyaPradesh,Betul,Shahpur,Ragi,29,12,17
MadhyaPradesh,Bhind,Gormi,Ragi,14,5,9
MadhyaPradesh,Bhind,Ron,Ragi,26,7,19
MadhyaPradesh,Chhatarpur,Badamalhara,Ragi,6,6,0
MadhyaPradesh,Chhatarpur,Bijawar,Ragi,6,0,6
MadhyaPradesh,Chhatarpur,Chhatarpur,Ragi,5,0,5
MadhyaPradesh,Chhatarpur,Gaurihar,Ragi,18,11,7
MadhyaPradesh,Chhatarpur,Loundi,Ragi,13,5,8
MadhyaPradesh,Chhatarpur,Nowgaon,Ragi,5,5,0
MadhyaPradesh,Chhatarpur,Rajnagar,Ragi,12,12,0
MadhyaPradesh,Chhindwara,Amarwara,Ragi,14,14,0
MadhyaPradesh,Chhindwara,Bichhua,Ragi,4,0,4
MadhyaPradesh,Chhindwara,Churai,Ragi,2,2,1
MadhyaPradesh,Chhindwara,Harrai,Ragi,1,0,1
MadhyaPradesh,Chhindwara,Jamai,Ragi,1,0,1
MadhyaPradesh,Chhindwara,Pandhurana,Ragi,3,0,3
MadhyaPradesh,Chhindwara,Parasia,Ragi,2,0,2
MadhyaPradesh,Chhindwara,Saunsar,Ragi,20,19,1
MadhyaPradesh,Chhindwara,Tamia,Ragi,205,158,46
MadhyaPradesh,Datia,Badhauni,Ragi,3,3,0
MadhyaPradesh,Datia,Datia,Ragi,0,0,0
MadhyaPradesh,Datia,Indergarh,Ragi,3,0,3
MadhyaPradesh,Dewas,Dewas,Ragi,6,0,6
MadhyaPradesh,Dewas,Tonkkurd,Ragi,1,1,0
MadhyaPradesh,Dhar,Dahi,Ragi,3,0,3
MadhyaPradesh,Dhar,Gandhwani,Ragi,7,5,2
MadhyaPradesh,Dhar,Kukshi,Ragi,2,2,0
MadhyaPradesh,Dhar,Manawar,Ragi,1,1,0
MadhyaPradesh,Dindori,Bajag,Ragi,19,0,19
MadhyaPradesh,Dindori,Dindori,Ragi,44,11,34
MadhyaPradesh,Dindori,Shahpura,Ragi,129,20,109
MadhyaPradesh,Gwalior,Bhitarwar,Ragi,142,102,40
MadhyaPradesh,Gwalior,Dabra,Ragi,5,5,0
MadhyaPradesh,Jhabua,Jhabua,Ragi,5,3,2
MadhyaPradesh,Mandsaur,Bhanpura,Ragi,4,4,0
MadhyaPradesh,Mandsaur,Dalauda,Ragi,16,15,2
MadhyaPradesh,Mandsaur,Garot,Ragi,8,8,0
MadhyaPradesh,Mandsaur,Malhargarh,Ragi,61,60,1
MadhyaPradesh,Mandsaur,Mandsaur,Ragi,2,0,2
MadhyaPradesh,Mandsaur,Shamgarh,Ragi,9,5,4
MadhyaPradesh,Mandsaur,Sitamau,Ragi,449,422,27
MadhyaPradesh,Mandsaur,Suwasra,Ragi,2,2,1
MadhyaPradesh,Morena,Ambah,Ragi,1,1,0
MadhyaPradesh,Morena,Joura,Ragi,8,0,8
MadhyaPradesh,Morena,Morena,Ragi,2,1,1
MadhyaPradesh,Morena,Porsa,Ragi,7,7,0
MadhyaPradesh,Neemuch,Jawad,Ragi,4,4,0
MadhyaPradesh,Neemuch,Manasa,Ragi,20,9,11
MadhyaPradesh,Neemuch,Neemuch,Ragi,1,1,0
MadhyaPradesh,Panna,Gunnaor,Ragi,1057,626,431
MadhyaPradesh,Panna,Pawai,Ragi,5,0,5
MadhyaPradesh,Panna,Repura,Ragi,6,6,1
MadhyaPradesh,Ratlam,Alot,Ragi,9,9,0
MadhyaPradesh,Ratlam,Jaora,Ragi,3,3,0
MadhyaPradesh,Ratlam,Piploda,Ragi,7,6,1
MadhyaPradesh,Ratlam,Ratlam,Ragi,26,24,1
MadhyaPradesh,Ratlam,Tal,Ragi,32,31,0
MadhyaPradesh,Satna,Maihar,Ragi,3,2,1
MadhyaPradesh,Satna,RaghurajNagar,Ragi,8,4,4
MadhyaPradesh,Satna,Ramnagar,Ragi,2,2,0
MadhyaPradesh,Satna,Uchehara,Ragi,1,0,1
MadhyaPradesh,Shivpuri,Kolaras,Ragi,2,2,0
MadhyaPradesh,Shivpuri,Pohari,Ragi,0,0,0
MadhyaPradesh,Sidhi,Bahri,Ragi,21,4,17
MadhyaPradesh,Sidhi,Churhat,Ragi,5,4,1
MadhyaPradesh,Sidhi,Gopadbanas,Ragi,74,41,33
MadhyaPradesh,Sidhi,Kusmi,Ragi,8,0,7
MadhyaPradesh,Sidhi,Majholi,Ragi,3,1,2
MadhyaPradesh,Sidhi,RampurNaikin,Ragi,15,11,4
MadhyaPradesh,Sidhi,Sihawal,Ragi,5,4,1
MadhyaPradesh,Singrauli,Chitrangi,Ragi,62,5,57
MadhyaPradesh,Singrauli,Devsar,Ragi,1,0,1
MadhyaPradesh,Singrauli,Mada,Ragi,79,16,63
MadhyaPradesh,Singrauli,Sarai,Ragi,6,0,6
MadhyaPradesh,Singrauli,Singroli,Ragi,1,0,1
MadhyaPradesh,Tikamgarh,Baldeogarh,Ragi,5,4,1
MadhyaPradesh,Tikamgarh,Palera,Ragi,7,6,0
MadhyaPradesh,Ujjain,Badnagar,Ragi,42,39,3
MadhyaPradesh,Ujjain,Mahidpur,Ragi,3,3,1
MadhyaPradesh,Ujjain,Nagda,Ragi,1,1,0
MadhyaPradesh,Ujjain,Tarana,Ragi,395,23,372
MadhyaPradesh,Ujjain,Ujjain,Ragi,4,0,4
Maharashtra,Beed,Ambejogai,Jowar_Kharif,4433,0,4433
Maharashtra,Beed,Ashti,Jowar_Kharif,30342,1298,29045
Maharashtra,Beed,Beed,Jowar_Kharif,15184,2668,12516
Maharashtra,Beed,Dharur,Jowar_Kharif,1429,0,1429
Maharashtra,Beed,Gevrai,Jowar_Kharif,4131,121,4010
Maharashtra,Beed,Kej,Jowar_Kharif,889,0,889
Maharashtra,Beed,Manjlegaon,Jowar_Kharif,4525,363,4162
Maharashtra,Beed,Parli,Jowar_Kharif,3724,101,3622
Maharashtra,Beed,Patoda,Jowar_Kharif,10293,377,9916
Maharashtra,Beed,Shirur(Kasar),Jowar_Kharif,1229,30,1198
Maharashtra,Beed,Wadwani,Jowar_Kharif,2396,3,2393
Maharashtra,Bhandara,Bhandara,Jowar_Kharif,75,0,75
Maharashtra,Bhandara,Lakhandur,Jowar_Kharif,41,0,41
Maharashtra,Bhandara,Lakhani,Jowar_Kharif,172,5,166
Maharashtra,Bhandara,Mohadi,Jowar_Kharif,79,0,79
Maharashtra,Bhandara,Pauni,Jowar_Kharif,179,19,160
Maharashtra,Bhandara,Sakoli,Jowar_Kharif,16,5,11
Maharashtra,Bhandara,Tumsar,Jowar_Kharif,146,0,146
Maharashtra,Dhule,Dhule,Jowar_Kharif,5151,412,4740
Maharashtra,Dhule,Sakri,Jowar_Kharif,3009,122,2888
Maharashtra,Dhule,Shirpur,Jowar_Kharif,3342,1109,2232
Maharashtra,Dhule,Sindkheda,Jowar_Kharif,2463,89,2373
Maharashtra,Gadchiroli,Aheri,Jowar_Kharif,899,0,899
Maharashtra,Gadchiroli,Armori,Jowar_Kharif,115,51,64
Maharashtra,Gadchiroli,Chamorshi,Jowar_Kharif,178,78,101
Maharashtra,Gadchiroli,Dhanora,Jowar_Kharif,48,7,40
Maharashtra,Gadchiroli,Etapalli,Jowar_Kharif,202,0,202
Maharashtra,Gadchiroli,Gadchiroli,Jowar_Kharif,105,2,104
Maharashtra,Gadchiroli,Korchi,Jowar_Kharif,117,0,117
Maharashtra,Gadchiroli,Kurkheda,Jowar_Kharif,25,0,25
Maharashtra,Gadchiroli,Mulchera,Jowar_Kharif,13,0,13
Maharashtra,Gadchiroli,Sironcha,Jowar_Kharif,1330,225,1105
Maharashtra,Gadchiroli,Vadasa,Jowar_Kharif,71,0,71
Maharashtra,Hingoli,Aundha(Nagnath),Jowar_Kharif,486,0,486
Maharashtra,Hingoli,Basmath,Jowar_Kharif,2350,0,2350
Maharashtra,Hingoli,Hingoli,Jowar_Kharif,2549,1,2548
Maharashtra,Hingoli,Kalamnuri,Jowar_Kharif,1786,0,1786
Maharashtra,Hingoli,Sengaon,Jowar_Kharif,2308,3,2305
Maharashtra,Kolhapur,Ajra,Jowar_Kharif,15206,0,15206
Maharashtra,Kolhapur,Bhudargad,Jowar_Kharif,4506,0,4506
Maharashtra,Kolhapur,Chandgad,Jowar_Kharif,5923,0,5923
Maharashtra,Kolhapur,Gadhinglaj,Jowar_Kharif,3400,0,3400
Maharashtra,Kolhapur,Gaganbavda,Jowar_Kharif,109,0,109
Maharashtra,Kolhapur,Hatkanangle,Jowar_Kharif,2021,23,1998
Maharashtra,Kolhapur,Kagal,Jowar_Kharif,2583,2,2581
Maharashtra,Kolhapur,Karvir,Jowar_Kharif,1940,2,1939
Maharashtra,Kolhapur,Panhala,Jowar_Kharif,2839,1,2838
Maharashtra,Kolhapur,Radhanagari,Jowar_Kharif,400,0,400
Maharashtra,Kolhapur,Shahuwadi,Jowar_Kharif,358,0,357
Maharashtra,Kolhapur,Shirol,Jowar_Kharif,1098,0,1098
Maharashtra,Latur,Ahmadpur,Jowar_Kharif,8282,40,8243
Maharashtra,Latur,Ausa,Jowar_Kharif,2749,0,2749
Maharashtra,Latur,Chakur,Jowar_Kharif,1507,32,1474
Maharashtra,Latur,Deoni,Jowar_Kharif,2169,0,2169
Maharashtra,Latur,Jalkot,Jowar_Kharif,4845,351,4494
Maharashtra,Latur,Latur,Jowar_Kharif,6588,50,6538
Maharashtra,Latur,Nilanga,Jowar_Kharif,1910,0,1910
Maharashtra,Latur,Renapur,Jowar_Kharif,1680,0,1680
Maharashtra,Latur,Shirur-Anantpal,Jowar_Kharif,857,0,857
Maharashtra,Latur,Udgir,Jowar_Kharif,7927,2,7926
Maharashtra,Nagpur,Bhiwapur,Jowar_Kharif,163,0,163
Maharashtra,Nagpur,Hingna,Jowar_Kharif,861,0,861
Maharashtra,Nagpur,Kalameshwar,Jowar_Kharif,590,21,569
Maharashtra,Nagpur,Kamptee,Jowar_Kharif,105,6,99
Maharashtra,Nagpur,Katol,Jowar_Kharif,1166,11,1156
Maharashtra,Nagpur,Kuhi,Jowar_Kharif,435,3,432
Maharashtra,Nagpur,Mauda,Jowar_Kharif,133,11,122
Maharashtra,Nagpur,Nagpur(Rural),Jowar_Kharif,205,4,200
Maharashtra,Nagpur,Narkhed,Jowar_Kharif,4577,159,4418
Maharashtra,Nagpur,Parseoni,Jowar_Kharif,114,27,86
Maharashtra,Nagpur,Ramtek,Jowar_Kharif,189,0,189
Maharashtra,Nagpur,Savner,Jowar_Kharif,573,3,570
Maharashtra,Nagpur,Umred,Jowar_Kharif,533,0,533
Maharashtra,Nanded,Ardhapur,Jowar_Kharif,350,0,350
Maharashtra,Nanded,Bhokar,Jowar_Kharif,5535,2,5534
Maharashtra,Nanded,Biloli,Jowar_Kharif,11469,0,11469
Maharashtra,Nanded,Deglur,Jowar_Kharif,2019,0,2019
Maharashtra,Nanded,Dharmabad,Jowar_Kharif,1160,0,1160
Maharashtra,Nanded,Dharmabad,Jowar_Kharif,1160,0,1160
Maharashtra,Nanded,Hadgaon,Jowar_Kharif,8446,0,8446
Maharashtra,Nanded,Himayatnagar,Jowar_Kharif,1147,0,1147
Maharashtra,Nanded,Kandhar,Jowar_Kharif,7410,0,7410
Maharashtra,Nanded,Kinwat,Jowar_Kharif,10073,3,10070
Maharashtra,Nanded,Loha,Jowar_Kharif,17497,40,17457
Maharashtra,Nanded,Mahur,Jowar_Kharif,4636,0,4636
Maharashtra,Nanded,Mudkhed,Jowar_Kharif,3048,0,3048
Maharashtra,Nanded,Mukhed,Jowar_Kharif,17420,0,17420
Maharashtra,Nanded,Naigaon(Khairgaon),Jowar_Kharif,1868,6,1863
Maharashtra,Nanded,Nanded,Jowar_Kharif,4888,97,4791
Maharashtra,Nanded,Umri,Jowar_Kharif,4698,0,4698
Maharashtra,Nashik,Baglan,Jowar_Kharif,3642,4,3637
Maharashtra,Nashik,Chandvad,Jowar_Kharif,449,0,449
Maharashtra,Nashik,Deola,Jowar_Kharif,297,111,186
Maharashtra,Nashik,Dindori,Jowar_Kharif,1256,14,1241
Maharashtra,Nashik,Igatpuri,Jowar_Kharif,4087,1,4087
Maharashtra,Nashik,Kalwan,Jowar_Kharif,139,0,139
Maharashtra,Nashik,Malegaon,Jowar_Kharif,1796,54,1742
Maharashtra,Nashik,Nandgaon,Jowar_Kharif,316,39,277
Maharashtra,Nashik,Nashik,Jowar_Kharif,94,5,89
Maharashtra,Nashik,Niphad,Jowar_Kharif,117,17,100
Maharashtra,Nashik,Peth,Jowar_Kharif,853,0,853
Maharashtra,Nashik,Sinnar,Jowar_Kharif,2532,16,2516
Maharashtra,Nashik,Surgana,Jowar_Kharif,620,0,620
Maharashtra,Nashik,Trimbakeshwar,Jowar_Kharif,52,0,52
Maharashtra,Nashik,Yevla,Jowar_Kharif,73,0,73
Maharashtra,Osmanabad,Bhum,Jowar_Kharif,17591,198,17394
Maharashtra,Osmanabad,Kalamb,Jowar_Kharif,18014,38,17977
Maharashtra,Osmanabad,Lohara,Jowar_Kharif,5125,65,5060
Maharashtra,Osmanabad,Osmanabad,Jowar_Kharif,6242,140,6102
Maharashtra,Osmanabad,Paranda,Jowar_Kharif,37823,600,37223
Maharashtra,Osmanabad,Tuljapur,Jowar_Kharif,26978,6293,20686
Maharashtra,Osmanabad,Umarga,Jowar_Kharif,7696,0,7696
Maharashtra,Osmanabad,Washi,Jowar_Kharif,6365,48,6318
Maharashtra,Parbhani,Gangakhed,Jowar_Kharif,4210,0,4210
Maharashtra,Parbhani,Jintur,Jowar_Kharif,580,0,580
Maharashtra,Parbhani,Manwat,Jowar_Kharif,4931,0,4931
Maharashtra,Parbhani,Palam,Jowar_Kharif,1760,0,1760
Maharashtra,Parbhani,Parbhani,Jowar_Kharif,4570,46,4524
Maharashtra,Parbhani,Pathri,Jowar_Kharif,2271,0,2271
Maharashtra,Parbhani,Purna,Jowar_Kharif,4026,0,4026
Maharashtra,Parbhani,Selu,Jowar_Kharif,9875,3,9871
Maharashtra,Parbhani,Sonpeth,Jowar_Kharif,2581,3,2578
Maharashtra,Pune,Ambegaon,Jowar_Kharif,17459,63,17395
Maharashtra,Pune,Baramati,Jowar_Kharif,78527,1297,77230
Maharashtra,Pune,Bhor,Jowar_Kharif,2069,9,2060
Maharashtra,Pune,Daund,Jowar_Kharif,31239,6645,24593
Maharashtra,Pune,Haveli,Jowar_Kharif,3880,726,3153
Maharashtra,Pune,Indapur,Jowar_Kharif,58789,2044,56745
Maharashtra,Pune,Junnar,Jowar_Kharif,65203,677,64526
Maharashtra,Pune,Khed,Jowar_Kharif,49092,1,49091
Maharashtra,Pune,Mawal,Jowar_Kharif,5448,130,5318
Maharashtra,Pune,Mulshi,Jowar_Kharif,2102,0,2102
Maharashtra,Pune,Purandhar,Jowar_Kharif,48078,125,47953
Maharashtra,Pune,Shirur,Jowar_Kharif,117927,43,117884
Maharashtra,Pune,Velhe,Jowar_Kharif,1390,6,1384
Maharashtra,Ratnagiri,Chiplun,Jowar_Kharif,146,0,146
Maharashtra,Ratnagiri,Dapoli,Jowar_Kharif,154,0,154
Maharashtra,Ratnagiri,Dapoli,Jowar_Kharif,154,0,154
Maharashtra,Ratnagiri,Guhagar,Jowar_Kharif,159,0,159
Maharashtra,Ratnagiri,Khed,Jowar_Kharif,86,0,86
Maharashtra,Ratnagiri,Lanja,Jowar_Kharif,240,0,240
Maharashtra,Ratnagiri,Mandangad,Jowar_Kharif,102,0,102
Maharashtra,Ratnagiri,Rajapur,Jowar_Kharif,140,0,140
Maharashtra,Ratnagiri,Ratnagiri,Jowar_Kharif,301,0,301
Maharashtra,Ratnagiri,Sangameshwar,Jowar_Kharif,217,0,217
Maharashtra,Satara,Jaoli,Jowar_Kharif,12142,146,11996
Maharashtra,Satara,Karad,Jowar_Kharif,11046,117,10929
Maharashtra,Satara,Khandala,Jowar_Kharif,14720,2548,12172
Maharashtra,Satara,Khatav,Jowar_Kharif,28992,2407,26585
Maharashtra,Satara,Koregaon,Jowar_Kharif,25682,3306,22376
Maharashtra,Satara,Mahabaleshwar,Jowar_Kharif,151,0,151
Maharashtra,Satara,Man,Jowar_Kharif,21339,1108,20231
Maharashtra,Satara,Patan,Jowar_Kharif,11392,40,11352
Maharashtra,Satara,Phaltan,Jowar_Kharif,22998,9134,13863
Maharashtra,Satara,Satara,Jowar_Kharif,11946,2803,9143
Maharashtra,Satara,Wai,Jowar_Kharif,10106,546,9560
Maharashtra,Sindhudurg,Devgad,Jowar_Kharif,154,0,154
Maharashtra,Sindhudurg,Dodamarg,Jowar_Kharif,8,0,8
Maharashtra,Sindhudurg,Kankavli,Jowar_Kharif,190,0,190
Maharashtra,Sindhudurg,Kudal,Jowar_Kharif,151,0,151
Maharashtra,Sindhudurg,Malwan,Jowar_Kharif,334,0,334
Maharashtra,Sindhudurg,Sawantwadi,Jowar_Kharif,369,236,133
Maharashtra,Sindhudurg,Vaibhavvadi,Jowar_Kharif,13,0,13
Maharashtra,Sindhudurg,Vengurla,Jowar_Kharif,4,0,4
Maharashtra,Solapur,Akkalkot,Jowar_Kharif,54067,294,53773
Maharashtra,Solapur,Barshi,Jowar_Kharif,77950,4339,73611
Maharashtra,Solapur,Karmala,Jowar_Kharif,79818,5228,74591
Maharashtra,Solapur,Madha,Jowar_Kharif,85488,5208,80280
Maharashtra,Solapur,Malshiras,Jowar_Kharif,47202,3044,44158
Maharashtra,Solapur,Mangalvedha,Jowar_Kharif,58321,3982,54339
Maharashtra,Solapur,Mohol,Jowar_Kharif,63389,1930,61460
Maharashtra,Solapur,NorthSolapur,Jowar_Kharif,34900,337,34562
Maharashtra,Solapur,NorthSolapur,Jowar_Kharif,34900,337,34562
Maharashtra,Solapur,Pandharpur,Jowar_Kharif,17530,5878,11652
Maharashtra,Solapur,Sangola,Jowar_Kharif,90947,10888,80059
Maharashtra,Solapur,SouthSolapur,Jowar_Kharif,65157,2438,62720
Maharashtra,Wardha,Arvi,Jowar_Kharif,3855,0,3855
Maharashtra,Wardha,Ashti,Jowar_Kharif,10092,0,10092
Maharashtra,Wardha,Deoli,Jowar_Kharif,4275,0,4275
Maharashtra,Wardha,Hinganghat,Jowar_Kharif,3276,0,3276
Maharashtra,Wardha,Karanja,Jowar_Kharif,2364,0,2364
Maharashtra,Wardha,Samudrapur,Jowar_Kharif,677,16,661
Maharashtra,Wardha,Seloo,Jowar_Kharif,2869,0,2869
Maharashtra,Wardha,Wardha,Jowar_Kharif,4901,0,4901
Maharashtra,Ahmednagar,Akola,Jowar_Rabi,700,28,672
Maharashtra,Ahmednagar,Jamkhed,Jowar_Rabi,45534,9031,36503
Maharashtra,Ahmednagar,Karjat,Jowar_Rabi,78887,10686,68201
Maharashtra,Ahmednagar,Kopargaon,Jowar_Rabi,18201,26,18175
Maharashtra,Ahmednagar,Nagar,Jowar_Rabi,49758,16037,33721
Maharashtra,Ahmednagar,Nevasa,Jowar_Rabi,42553,1361,41192
Maharashtra,Ahmednagar,Parner,Jowar_Rabi,86051,4317,81733
Maharashtra,Ahmednagar,Pathardi,Jowar_Rabi,30384,110,30274
Maharashtra,Ahmednagar,Rahata,Jowar_Rabi,41926,2803,39123
Maharashtra,Ahmednagar,Rahuri,Jowar_Rabi,44952,0,44952
Maharashtra,Ahmednagar,Sangamner,Jowar_Rabi,23847,713,23134
Maharashtra,Ahmednagar,Shevgaon,Jowar_Rabi,59729,774,58955
Maharashtra,Ahmednagar,Shrigonda,Jowar_Rabi,57036,27440,29595
Maharashtra,Ahmednagar,Shrirampur,Jowar_Rabi,2748,680,2068
Maharashtra,Akola,Akola,Jowar_Rabi,7410,16,7393
Maharashtra,Akola,Akot,Jowar_Rabi,72666,1215,71451
Maharashtra,Akola,Balapur,Jowar_Rabi,1304,2,1302
Maharashtra,Akola,Barshitakli,Jowar_Rabi,6123,6,6117
Maharashtra,Akola,Murtijapur,Jowar_Rabi,7091,0,7091
Maharashtra,Akola,Patur,Jowar_Rabi,2915,2,2913
Maharashtra,Akola,Telhara,Jowar_Rabi,9488,0,9488
Maharashtra,Akola,Patur,Jowar_Rabi,2915,2,2913
Maharashtra,Amravati,Achalpur,Jowar_Rabi,10829,727,10103
Maharashtra,Amravati,Amravati,Jowar_Rabi,6755,76,6679
Maharashtra,Amravati,Anjangaon,Jowar_Rabi,4197,104,4093
Maharashtra,Amravati,Bhatkuli,Jowar_Rabi,6765,0,6765
Maharashtra,Amravati,ChandurRailway,Jowar_Rabi,6645,0,6645
Maharashtra,Amravati,Chandurbazar,Jowar_Rabi,9955,767,9188
Maharashtra,Amravati,Chandurbazar,Jowar_Rabi,9955,767,9188
Maharashtra,Amravati,Chikhaldara,Jowar_Rabi,5556,0,5556
Maharashtra,Amravati,Daryapur,Jowar_Rabi,4628,0,4628
Maharashtra,Amravati,DhamangaonRailway,Jowar_Rabi,5368,5,5364
Maharashtra,Amravati,Dharni,Jowar_Rabi,9656,0,9656
Maharashtra,Amravati,Morshi,Jowar_Rabi,6016,43,5973
Maharashtra,Amravati,Nandgaon-Khandeshwar,Jowar_Rabi,452,0,452
Maharashtra,Amravati,Tivasa,Jowar_Rabi,1516,0,1516
Maharashtra,Amravati,Warud,Jowar_Rabi,8127,1057,7070
Maharashtra,Amravati,Warud,Jowar_Rabi,8127,1057,7070
Maharashtra,Beed,Ambejogai,Jowar_Rabi,4433,0,4433
Maharashtra,Beed,Ashti,Jowar_Rabi,30342,1298,29045
Maharashtra,Beed,Beed,Jowar_Rabi,15184,2668,12516
Maharashtra,Beed,Dharur,Jowar_Rabi,1429,0,1429
Maharashtra,Beed,Gevrai,Jowar_Rabi,4131,121,4010
Maharashtra,Beed,Kej,Jowar_Rabi,889,0,889
Maharashtra,Beed,Manjlegaon,Jowar_Rabi,4525,363,4162
Maharashtra,Beed,Parli,Jowar_Rabi,3724,101,3622
Maharashtra,Beed,Patoda,Jowar_Rabi,10293,377,9916
Maharashtra,Beed,Shirur(Kasar),Jowar_Rabi,1229,30,1198
Maharashtra,Beed,Wadwani,Jowar_Rabi,2396,3,2393
Maharashtra,Dhule,Dhule,Jowar_Rabi,5151,412,4740
Maharashtra,Dhule,Sakri,Jowar_Rabi,3009,122,2888
Maharashtra,Dhule,Shirpur,Jowar_Rabi,3342,1109,2232
Maharashtra,Dhule,Sindkheda,Jowar_Rabi,2463,89,2373
Maharashtra,Gadchiroli,Aheri,Jowar_Rabi,899,0,899
Maharashtra,Gadchiroli,Armori,Jowar_Rabi,115,51,64
Maharashtra,Gadchiroli,Chamorshi,Jowar_Rabi,178,78,101
Maharashtra,Gadchiroli,Dhanora,Jowar_Rabi,48,7,40
Maharashtra,Gadchiroli,Etapalli,Jowar_Rabi,202,0,202
Maharashtra,Gadchiroli,Gadchiroli,Jowar_Rabi,105,2,104
Maharashtra,Gadchiroli,Korchi,Jowar_Rabi,117,0,117
Maharashtra,Gadchiroli,Kurkheda,Jowar_Rabi,25,0,25
Maharashtra,Gadchiroli,Mulchera,Jowar_Rabi,13,0,13
Maharashtra,Gadchiroli,Sironcha,Jowar_Rabi,1330,225,1105
Maharashtra,Gadchiroli,Vadasa,Jowar_Rabi,71,0,71
Maharashtra,Hingoli,Aundha(Nagnath),Jowar_Rabi,486,0,486
Maharashtra,Hingoli,Basmath,Jowar_Rabi,2350,0,2350
Maharashtra,Hingoli,Hingoli,Jowar_Rabi,2549,1,2548
Maharashtra,Hingoli,Kalamnuri,Jowar_Rabi,1786,0,1786
Maharashtra,Hingoli,Sengaon,Jowar_Rabi,2308,3,2305
Maharashtra,Jalgaon,Amalner,Jowar_Rabi,3350,227,3123
Maharashtra,Jalgaon,Bhadgaon,Jowar_Rabi,272,0,272
Maharashtra,Jalgaon,Bhusawal,Jowar_Rabi,8512,0,8512
Maharashtra,Jalgaon,Bodvad,Jowar_Rabi,2587,0,2587
Maharashtra,Jalgaon,Chalisgaon,Jowar_Rabi,2527,241,2286
Maharashtra,Jalgaon,Chopda,Jowar_Rabi,4515,748,3767
Maharashtra,Jalgaon,Dharangaon,Jowar_Rabi,5167,894,4273
Maharashtra,Jalgaon,Erandol,Jowar_Rabi,3324,4,3321
Maharashtra,Jalgaon,Jalgaon,Jowar_Rabi,336,0,336
Maharashtra,Jalgaon,Jamner,Jowar_Rabi,4665,231,4433
Maharashtra,Jalgaon,Muktainagar,Jowar_Rabi,4102,418,3684
Maharashtra,Jalgaon,Pachora,Jowar_Rabi,559,0,559
Maharashtra,Jalgaon,Parola,Jowar_Rabi,7371,256,7114
Maharashtra,Jalgaon,Parola,Jowar_Rabi,7371,256,7114
Maharashtra,Jalgaon,Raver,Jowar_Rabi,5210,800,4410
Maharashtra,Jalgaon,Yawal,Jowar_Rabi,11299,1064,10235
Maharashtra,Jalna,Ambad,Jowar_Rabi,4098,574,3524
Maharashtra,Jalna,Ambad,Jowar_Rabi,4098,574,3524
Maharashtra,Jalna,Badnapur,Jowar_Rabi,1328,249,1079
Maharashtra,Jalna,Bhokardan,Jowar_Rabi,496,4,492
Maharashtra,Jalna,Ghansawangi,Jowar_Rabi,5643,1120,4523
Maharashtra,Jalna,Jaffrabad,Jowar_Rabi,222,3,219
Maharashtra,Jalna,Jalna,Jowar_Rabi,2006,120,1886
Maharashtra,Jalna,Mantha,Jowar_Rabi,555,0,555
Maharashtra,Jalna,Partur,Jowar_Rabi,6340,18,6322
Maharashtra,Kolhapur,Ajra,Jowar_Rabi,15206,0,15206
Maharashtra,Kolhapur,Bhudargad,Jowar_Rabi,4506,0,4506
Maharashtra,Kolhapur,Chandgad,Jowar_Rabi,5923,0,5923
Maharashtra,Kolhapur,Gadhinglaj,Jowar_Rabi,3400,0,3400
Maharashtra,Kolhapur,Gaganbavda,Jowar_Rabi,109,0,109
Maharashtra,Kolhapur,Hatkanangle,Jowar_Rabi,2021,23,1998
Maharashtra,Kolhapur,Kagal,Jowar_Rabi,2583,2,2581
Maharashtra,Kolhapur,Karvir,Jowar_Rabi,1940,2,1939
Maharashtra,Kolhapur,Panhala,Jowar_Rabi,2839,1,2838
Maharashtra,Kolhapur,Radhanagari,Jowar_Rabi,400,0,400
Maharashtra,Kolhapur,Shahuwadi,Jowar_Rabi,358,0,357
Maharashtra,Kolhapur,Shirol,Jowar_Rabi,1098,0,1098
Maharashtra,Latur,Ahmadpur,Jowar_Rabi,8282,40,8243
Maharashtra,Latur,Ausa,Jowar_Rabi,2749,0,2749
Maharashtra,Latur,Chakur,Jowar_Rabi,1507,32,1474
Maharashtra,Latur,Deoni,Jowar_Rabi,2169,0,2169
Maharashtra,Latur,Jalkot,Jowar_Rabi,4845,351,4494
Maharashtra,Latur,Latur,Jowar_Rabi,6588,50,6538
Maharashtra,Latur,Nilanga,Jowar_Rabi,1910,0,1910
Maharashtra,Latur,Renapur,Jowar_Rabi,1680,0,1680
Maharashtra,Latur,Shirur-Anantpal,Jowar_Rabi,857,0,857
Maharashtra,Latur,Udgir,Jowar_Rabi,7927,2,7926
Maharashtra,Nagpur,Bhiwapur,Jowar_Rabi,163,0,163
Maharashtra,Nagpur,Hingna,Jowar_Rabi,861,0,861
Maharashtra,Nagpur,Kalameshwar,Jowar_Rabi,590,21,569
Maharashtra,Nagpur,Kamptee,Jowar_Rabi,105,6,99
Maharashtra,Nagpur,Katol,Jowar_Rabi,1166,11,1156
Maharashtra,Nagpur,Kuhi,Jowar_Rabi,435,3,432
Maharashtra,Nagpur,Mauda,Jowar_Rabi,133,11,122
Maharashtra,Nagpur,Nagpur(Rural),Jowar_Rabi,205,4,200
Maharashtra,Nagpur,Narkhed,Jowar_Rabi,4577,159,4418
Maharashtra,Nagpur,Parseoni,Jowar_Rabi,114,27,86
Maharashtra,Nagpur,Ramtek,Jowar_Rabi,189,0,189
Maharashtra,Nagpur,Savner,Jowar_Rabi,573,3,570
Maharashtra,Nagpur,Umred,Jowar_Rabi,533,0,533
Maharashtra,Nanded,Ardhapur,Jowar_Rabi,350,0,350
Maharashtra,Nanded,Bhokar,Jowar_Rabi,5535,2,5534
Maharashtra,Nanded,Biloli,Jowar_Rabi,11469,0,11469
Maharashtra,Nanded,Deglur,Jowar_Rabi,2019,0,2019
Maharashtra,Nanded,Dharmabad,Jowar_Rabi,1160,0,1160
Maharashtra,Nanded,Dharmabad,Jowar_Rabi,1160,0,1160
Maharashtra,Nanded,Hadgaon,Jowar_Rabi,8446,0,8446
Maharashtra,Nanded,Himayatnagar,Jowar_Rabi,1147,0,1147
Maharashtra,Nanded,Kandhar,Jowar_Rabi,7410,0,7410
Maharashtra,Nanded,Kinwat,Jowar_Rabi,10073,3,10070
Maharashtra,Nanded,Loha,Jowar_Rabi,17497,40,17457
Maharashtra,Nanded,Mahur,Jowar_Rabi,4636,0,4636
Maharashtra,Nanded,Mudkhed,Jowar_Rabi,3048,0,3048
Maharashtra,Nanded,Mukhed,Jowar_Rabi,17420,0,17420
Maharashtra,Nanded,Naigaon(Khairgaon),Jowar_Rabi,1868,6,1863
Maharashtra,Nanded,Nanded,Jowar_Rabi,4888,97,4791
Maharashtra,Nanded,Umri,Jowar_Rabi,4698,0,4698
Maharashtra,Nandurbar,Akkalkuwa,Jowar_Rabi,9975,41,9934
Maharashtra,Nandurbar,Akrani,Jowar_Rabi,7582,4,7578
Maharashtra,Nandurbar,Nandurbar,Jowar_Rabi,15528,1001,14527
Maharashtra,Nandurbar,Nawapur,Jowar_Rabi,17456,170,17285
Maharashtra,Nandurbar,Shahada,Jowar_Rabi,3090,200,2890
Maharashtra,Nandurbar,Taloda,Jowar_Rabi,2430,49,2381
Maharashtra,Nashik,Baglan,Jowar_Rabi,3642,4,3637
Maharashtra,Nashik,Chandvad,Jowar_Rabi,449,0,449
Maharashtra,Nashik,Deola,Jowar_Rabi,297,111,186
Maharashtra,Nashik,Dindori,Jowar_Rabi,1256,14,1241
Maharashtra,Nashik,Igatpuri,Jowar_Rabi,4087,1,4087
Maharashtra,Nashik,Kalwan,Jowar_Rabi,139,0,139
Maharashtra,Nashik,Malegaon,Jowar_Rabi,1796,54,1742
Maharashtra,Nashik,Nandgaon,Jowar_Rabi,316,39,277
Maharashtra,Nashik,Nashik,Jowar_Rabi,94,5,89
Maharashtra,Nashik,Niphad,Jowar_Rabi,117,17,100
Maharashtra,Nashik,Peth,Jowar_Rabi,853,0,853
Maharashtra,Nashik,Sinnar,Jowar_Rabi,2532,16,2516
Maharashtra,Nashik,Surgana,Jowar_Rabi,620,0,620
Maharashtra,Nashik,Trimbakeshwar,Jowar_Rabi,52,0,52
Maharashtra,Nashik,Yevla,Jowar_Rabi,73,0,73
Maharashtra,Osmanabad,Bhum,Jowar_Rabi,17591,198,17394
Maharashtra,Osmanabad,Kalamb,Jowar_Rabi,18014,38,17977
Maharashtra,Osmanabad,Lohara,Jowar_Rabi,5125,65,5060
Maharashtra,Osmanabad,Osmanabad,Jowar_Rabi,6242,140,6102
Maharashtra,Osmanabad,Paranda,Jowar_Rabi,37823,600,37223
Maharashtra,Osmanabad,Tuljapur,Jowar_Rabi,26978,6293,20686
Maharashtra,Osmanabad,Umarga,Jowar_Rabi,7696,0,7696
Maharashtra,Osmanabad,Washi,Jowar_Rabi,6365,48,6318
Maharashtra,Parbhani,Gangakhed,Jowar_Rabi,4210,0,4210
Maharashtra,Parbhani,Jintur,Jowar_Rabi,580,0,580
Maharashtra,Parbhani,Manwat,Jowar_Rabi,4931,0,4931
Maharashtra,Parbhani,Palam,Jowar_Rabi,1760,0,1760
Maharashtra,Parbhani,Parbhani,Jowar_Rabi,4570,46,4524
Maharashtra,Parbhani,Pathri,Jowar_Rabi,2271,0,2271
Maharashtra,Parbhani,Purna,Jowar_Rabi,4026,0,4026
Maharashtra,Parbhani,Selu,Jowar_Rabi,9875,3,9871
Maharashtra,Parbhani,Sonpeth,Jowar_Rabi,2581,3,2578
Maharashtra,Pune,Ambegaon,Jowar_Rabi,17459,63,17395
Maharashtra,Pune,Baramati,Jowar_Rabi,78527,1297,77230
Maharashtra,Pune,Bhor,Jowar_Rabi,2069,9,2060
Maharashtra,Pune,Daund,Jowar_Rabi,31239,6645,24593
Maharashtra,Pune,Haveli,Jowar_Rabi,3880,726,3153
Maharashtra,Pune,Indapur,Jowar_Rabi,58789,2044,56745
Maharashtra,Pune,Junnar,Jowar_Rabi,65203,677,64526
Maharashtra,Pune,Khed,Jowar_Rabi,49092,1,49091
Maharashtra,Pune,Mawal,Jowar_Rabi,5448,130,5318
Maharashtra,Pune,Mulshi,Jowar_Rabi,2102,0,2102
Maharashtra,Pune,Purandhar,Jowar_Rabi,48078,125,47953
Maharashtra,Pune,Shirur,Jowar_Rabi,117927,43,117884
Maharashtra,Pune,Velhe,Jowar_Rabi,1390,6,1384
Maharashtra,Solapur,Akkalkot,Jowar_Rabi,54067,294,53773
Maharashtra,Solapur,Barshi,Jowar_Rabi,77950,4339,73611
Maharashtra,Solapur,Karmala,Jowar_Rabi,79818,5228,74591
Maharashtra,Solapur,Madha,Jowar_Rabi,85488,5208,80280
Maharashtra,Solapur,Malshiras,Jowar_Rabi,47202,3044,44158
Maharashtra,Solapur,Mangalvedha,Jowar_Rabi,58321,3982,54339
Maharashtra,Solapur,Mohol,Jowar_Rabi,63389,1930,61460
Maharashtra,Solapur,NorthSolapur,Jowar_Rabi,34900,337,34562
Maharashtra,Solapur,NorthSolapur,Jowar_Rabi,34900,337,34562
Maharashtra,Solapur,Pandharpur,Jowar_Rabi,17530,5878,11652
Maharashtra,Solapur,Sangola,Jowar_Rabi,90947,10888,80059
Maharashtra,Solapur,SouthSolapur,Jowar_Rabi,65157,2438,62720
Maharashtra,Wardha,Arvi,Jowar_Rabi,3855,0,3855
Maharashtra,Wardha,Ashti,Jowar_Rabi,10092,0,10092
Maharashtra,Wardha,Deoli,Jowar_Rabi,4275,0,4275
Maharashtra,Wardha,Hinganghat,Jowar_Rabi,3276,0,3276
Maharashtra,Wardha,Karanja,Jowar_Rabi,2364,0,2364
Maharashtra,Wardha,Samudrapur,Jowar_Rabi,677,16,661
Maharashtra,Wardha,Seloo,Jowar_Rabi,2869,0,2869
Maharashtra,Wardha,Wardha,Jowar_Rabi,4901,0,4901
Maharashtra,Washim,Karanja,Jowar_Rabi,8926,81,8845
Maharashtra,Washim,Malegaon,Jowar_Rabi,7260,0,7260
Maharashtra,Washim,Mangrulpir,Jowar_Rabi,8264,3,8261
Maharashtra,Washim,Manora,Jowar_Rabi,7613,0,7613
Maharashtra,Washim,Risod,Jowar_Rabi,7909,0,7909
Maharashtra,Washim,Washim,Jowar_Rabi,7027,0,7027
Maharashtra,Yavatmal,Arni,Jowar_Rabi,4075,0,4075
Maharashtra,Yavatmal,Babulgaon,Jowar_Rabi,33866,84,33782
Maharashtra,Yavatmal,Darwha,Jowar_Rabi,1687,20,1667
Maharashtra,Yavatmal,Digras,Jowar_Rabi,2397,18,2380
Maharashtra,Yavatmal,Ghatanji,Jowar_Rabi,9272,0,9272
Maharashtra,Yavatmal,Kalamb,Jowar_Rabi,4494,0,4494
Maharashtra,Yavatmal,Kelapur,Jowar_Rabi,4746,0,4746
Maharashtra,Yavatmal,Mahagaon,Jowar_Rabi,2467,16,2451
Maharashtra,Yavatmal,Maregaon,Jowar_Rabi,4508,13,4495
Maharashtra,Yavatmal,Ner,Jowar_Rabi,3980,37,3943
Maharashtra,Yavatmal,Pusad,Jowar_Rabi,4667,0,4667
Maharashtra,Yavatmal,Ralegaon,Jowar_Rabi,3273,0,3273
Maharashtra,Yavatmal,Umarkhed,Jowar_Rabi,2241,0,2241
Maharashtra,Yavatmal,Wani,Jowar_Rabi,1147,0,1147
Maharashtra,Yavatmal,Yavatmal,Jowar_Rabi,7781,50,7730
Maharashtra,Yavatmal,Zari-Jamani,Jowar_Rabi,4458,0,4458
Maharashtra,Yavatmal,Zari-Jamani,Jowar_Rabi,4458,0,4458
Maharashtra,Ahmednagar,Akola,Ragi,2136,0,2136
Maharashtra,Ahmednagar,Karjat,Ragi,4,4,0
Maharashtra,Ahmednagar,Pathardi,Ragi,7,5,2
Maharashtra,Ahmednagar,Rahata,Ragi,3,0,3
Maharashtra,Ahmednagar,Shrigonda,Ragi,5,5,0
Maharashtra,Aurangabad,Aurangabad,Ragi,14,4,10
Maharashtra,Aurangabad,Gangapur,Ragi,42,12,30
Maharashtra,Aurangabad,Phulambri,Ragi,5,0,5
Maharashtra,Beed,Ashti,Ragi,5,0,5
Maharashtra,Beed,Beed,Ragi,9,0,9
Maharashtra,Beed,Gevrai,Ragi,151,0,151
Maharashtra,Beed,Kej,Ragi,4,0,4
Maharashtra,Beed,Manjlegaon,Ragi,3,0,3
Maharashtra,Beed,Manjlegaon,Ragi,3,0,3
Maharashtra,Beed,Patoda,Ragi,0,0,0
Maharashtra,Beed,Wadwani,Ragi,2,0,2
Maharashtra,Chandrapur,Rajura,Ragi,38,0,38
Maharashtra,Dhule,Dhule,Ragi,31,0,31
Maharashtra,Dhule,Sakri,Ragi,5594,24,5570
Maharashtra,Dhule,Sindkheda,Ragi,32,0,32
Maharashtra,Gadchiroli,Armori,Ragi,1,0,1
Maharashtra,Gadchiroli,Kurkheda,Ragi,4,0,4
Maharashtra,Hingoli,Sengaon,Ragi,2,0,2
Maharashtra,Jalgaon,Amalner,Ragi,642,0,642
Maharashtra,Jalgaon,Bodvad,Ragi,1,0,1
Maharashtra,Jalgaon,Jamner,Ragi,3,3,0
Maharashtra,Jalgaon,Parola,Ragi,1,0,1
Maharashtra,Jalna,Ghansawangi,Ragi,3,1,2
Maharashtra,Jalna,Jaffrabad,Ragi,2,0,2
Maharashtra,Jalna,Jaffrabad,Ragi,2,0,2
Maharashtra,Jalna,Partur,Ragi,1,0,1
Maharashtra,Kolhapur,Ajra,Ragi,3642,1,3641
Maharashtra,Kolhapur,Bhudargad,Ragi,8804,0,8804
Maharashtra,Kolhapur,Chandgad,Ragi,2866,20,2846
Maharashtra,Kolhapur,Gadhinglaj,Ragi,8061,0,8061
Maharashtra,Kolhapur,Gaganbavda,Ragi,1060,0,1060
Maharashtra,Kolhapur,Kagal,Ragi,16,0,16
Maharashtra,Kolhapur,Karvir,Ragi,351,2,349
Maharashtra,Kolhapur,Panhala,Ragi,546,12,535
Maharashtra,Kolhapur,Radhanagari,Ragi,1138,31,1106
Maharashtra,Kolhapur,Shahuwadi,Ragi,1802,1,1801
Maharashtra,Nanded,Mukhed,Ragi,5,0,5
Maharashtra,Nandurbar,Akrani,Ragi,0,0,0
Maharashtra,Nandurbar,Nandurbar,Ragi,233,0,233
Maharashtra,Nandurbar,Nawapur,Ragi,115,0,115
Maharashtra,Nashik,Baglan,Ragi,740,0,740
Maharashtra,Nashik,Chandvad,Ragi,19,0,19
Maharashtra,Nashik,Deola,Ragi,39,39,0
Maharashtra,Nashik,Dindori,Ragi,2597,20,2577
Maharashtra,Nashik,Igatpuri,Ragi,2702,3,2699
Maharashtra,Nashik,Kalwan,Ragi,6,0,6
Maharashtra,Nashik,Malegaon,Ragi,4,4,0
Maharashtra,Nashik,Malegaon,Ragi,4,4,0
Maharashtra,Nashik,Nashik,Ragi,599,14,585
Maharashtra,Nashik,Peth,Ragi,5839,3,5836
Maharashtra,Nashik,Sinnar,Ragi,712,0,712
Maharashtra,Nashik,Surgana,Ragi,8984,26,8958
Maharashtra,Nashik,Trimbakeshwar,Ragi,7793,0,7793
Maharashtra,Osmanabad,Bhum,Ragi,9,0,9
Maharashtra,Osmanabad,Kalamb,Ragi,3,0,3
Maharashtra,Osmanabad,Paranda,Ragi,3,0,3
Maharashtra,Osmanabad,Umarga,Ragi,14,0,14
Maharashtra,Palghar,Jawhar,Ragi,3704,0,3704
Maharashtra,Palghar,Mokhada,Ragi,2315,0,2315
Maharashtra,Palghar,Talasari,Ragi,1,0,1
Maharashtra,Palghar,Vada,Ragi,514,0,514
Maharashtra,Palghar,Vikramgad,Ragi,1540,0,1540
Maharashtra,Parbhani,Parbhani,Ragi,3,3,0
Maharashtra,Pune,Ambegaon,Ragi,1440,4,1435
Maharashtra,Pune,Baramati,Ragi,26,0,26
Maharashtra,Pune,Bhor,Ragi,87,0,87
Maharashtra,Pune,Indapur,Ragi,7,0,7
Maharashtra,Pune,Indapur,Ragi,7,0,7
Maharashtra,Pune,Khed,Ragi,626,0,626
Maharashtra,Pune,Mulshi,Ragi,227,0,227
Maharashtra,Pune,Velhe,Ragi,1932,0,1932
Maharashtra,Raigad,Karjat,Ragi,31,0,31
Maharashtra,Raigad,Khalapur,Ragi,0,0,0
Maharashtra,Raigad,Mahad,Ragi,17,2,16
Maharashtra,Raigad,Mangaon,Ragi,2157,15,2141
Maharashtra,Raigad,Mhasla,Ragi,12,0,12
Maharashtra,Raigad,Roha,Ragi,4,0,4
Maharashtra,Raigad,Shrivardhan,Ragi,11,0,11
Maharashtra,Ratnagiri,Chiplun,Ragi,811,0,811
Maharashtra,Ratnagiri,Dapoli,Ragi,1110,0,1110
Maharashtra,Ratnagiri,Guhagar,Ragi,1757,0,1757
Maharashtra,Ratnagiri,Khed,Ragi,68,0,68
Maharashtra,Ratnagiri,Lanja,Ragi,76,0,76
Maharashtra,Ratnagiri,Mandangad,Ragi,870,0,870
Maharashtra,Ratnagiri,Rajapur,Ragi,463,0,463
Maharashtra,Ratnagiri,Ratnagiri,Ragi,1185,10,1174
Maharashtra,Ratnagiri,Sangameshwar,Ragi,353,0,353
Maharashtra,Satara,Jaoli,Ragi,824,0,824
Maharashtra,Satara,Karad,Ragi,192,0,192
Maharashtra,Satara,Khandala,Ragi,600,0,600
Maharashtra,Satara,Khatav,Ragi,1,0,1
Maharashtra,Satara,Mahabaleshwar,Ragi,485,0,485
Maharashtra,Satara,Man,Ragi,2,0,2
Maharashtra,Satara,Patan,Ragi,4738,4,4734
Maharashtra,Satara,Phaltan,Ragi,169,0,169
Maharashtra,Satara,Satara,Ragi,416,1,415
Maharashtra,Satara,Wai,Ragi,1183,0,1183
Maharashtra,Sindhudurg,Devgad,Ragi,621,0,621
Maharashtra,Sindhudurg,Dodamarg,Ragi,36,0,36
Maharashtra,Sindhudurg,Kankavli,Ragi,22,0,22
Maharashtra,Sindhudurg,Kudal,Ragi,143,0,143
Maharashtra,Sindhudurg,Kudal,Ragi,143,0,143
Maharashtra,Sindhudurg,Malwan,Ragi,91,0,91
Maharashtra,Sindhudurg,Sawantwadi,Ragi,2745,0,2745
Maharashtra,Sindhudurg,Vaibhavvadi,Ragi,436,0,436
Maharashtra,Sindhudurg,Vaibhavvadi,Ragi,436,0,436
Maharashtra,Sindhudurg,Vengurla,Ragi,1106,0,1106
Maharashtra,Solapur,Barshi,Ragi,3,0,3
Maharashtra,Solapur,Madha,Ragi,5,0,5
Maharashtra,Solapur,Pandharpur,Ragi,2,2,0
Maharashtra,Thane,Shahapur,Ragi,961,0,961
Maharashtra,Wardha,Wardha,Ragi,5,5,0
Maharashtra,Washim,Karanja,Ragi,1,0,1
